{"current_epoch": 221, "training_losses": [0.32281389832496643, 0.2105904072523117, 0.197947159409523, 0.20545819401741028, 0.2066025733947754, 0.19701451063156128, 0.20638197660446167, 0.19488520920276642, 0.22088749706745148, 0.21740888059139252, 0.21442945301532745, 0.20739758014678955, 0.21302826702594757, 0.20680135488510132, 0.2163274586200714, 0.2161874771118164, 0.21360167860984802, 0.20778024196624756, 0.1809498518705368, 0.16022486984729767, 0.1400347352027893, 0.13319511711597443, 0.12201102823019028, 0.1140066385269165, 0.11996086686849594, 0.12558603286743164, 0.11238797754049301, 0.11027072370052338, 0.1040954738855362, 0.10974977910518646, 0.09793796390295029, 0.08709132671356201, 0.20462362468242645, 0.1604834496974945, 0.07974008470773697, 0.06407352536916733, 0.06111423298716545, 0.057644378393888474, 0.0555797778069973, 0.0534852109849453, 0.0508495569229126, 0.048686180263757706, 0.04556328058242798, 0.043694112449884415, 0.041482407599687576, 0.04836065322160721, 0.04349297657608986, 0.04286789894104004, 0.04273747280240059, 0.04101262614130974, 0.038540955632925034, 0.03992442414164543, 0.03976341709494591, 0.04467879608273506, 0.047161076217889786, 0.04127505049109459, 0.03832506015896797, 0.03867120295763016, 0.04463227838277817, 0.04590080678462982, 0.03884173184633255, 0.03719789534807205, 0.04136765003204346, 0.037916310131549835, 0.03530924394726753, 0.03360402211546898, 0.03368041291832924, 0.03371234983205795, 0.0328601598739624, 0.03389663249254227, 0.03156247362494469, 0.031169068068265915, 0.030765295028686523, 0.03303040564060211, 0.03471057862043381, 0.031822945922613144, 0.03231074661016464, 0.031095802783966064, 0.031348057091236115, 0.028571955859661102, 0.02679016813635826, 0.025719618424773216, 0.025832977145910263, 0.025565771386027336, 0.02561984583735466, 0.025300100445747375, 0.025620650500059128, 0.02523007243871689, 0.025157039985060692, 0.025378726422786713, 0.0261908620595932, 0.028145931661128998, 0.03045041859149933, 0.02773372270166874, 0.027321701869368553, 0.026019811630249023, 0.0252983495593071, 0.026045719161629677, 0.028430359438061714, 0.02626643143594265, 0.024413738399744034, 0.023778343573212624, 0.023738136515021324, 0.0234124306589365, 0.02364765666425228, 0.0233994722366333, 0.023523500189185143, 0.02352266199886799, 0.023477934300899506, 0.023585671558976173, 0.02360980398952961, 0.023456057533621788, 0.02380654774606228, 0.02391873300075531, 0.023600080981850624, 0.02367749810218811, 0.024749359115958214, 0.02532070130109787, 0.02458192966878414, 0.02462378516793251, 0.027054492384195328, 0.025444695726037025, 0.024267345666885376, 0.026232728734612465, 0.025306424126029015, 0.023860327899456024, 0.02424168959259987, 0.02353036217391491, 0.023197421804070473, 0.023121803998947144, 0.02316826954483986, 0.02312202751636505, 0.023121589794754982, 0.023104868829250336, 0.023110011592507362, 0.023152044042944908, 0.023098573088645935, 0.02313358522951603, 0.023163998499512672, 0.023118281736969948, 0.023161951452493668, 0.02262244001030922, 0.022345859557390213, 0.022410167381167412, 0.02241659350693226, 0.022496303543448448, 0.022436708211898804, 0.022464660927653313, 0.022410744801163673, 0.022422948852181435, 0.02239399589598179, 0.02240593172609806, 0.022389493882656097, 0.022399891167879105, 0.022391267120838165, 0.022397464141249657, 0.022394752129912376, 0.02239825390279293, 0.022400056943297386, 0.022403186187148094, 0.022406945005059242, 0.022410959005355835, 0.022415529936552048, 0.022188100963830948, 0.022060992196202278, 0.02214675396680832, 0.022140299901366234, 0.022148381918668747, 0.022131824865937233, 0.022141369059681892, 0.02213267795741558, 0.0221466813236475, 0.022141527384519577, 0.022155726328492165, 0.0221516415476799, 0.0221652090549469, 0.02216200903058052, 0.022174948826432228, 0.022172633558511734, 0.022184796631336212, 0.022183427587151527, 0.02219480834901333, 0.02219444513320923, 0.022204557433724403, 0.02220463939011097, 0.022212998941540718, 0.022213362157344818, 0.022219840437173843, 0.022220320999622345, 0.02205895073711872, 0.021910667419433594, 0.021868115290999413, 0.021886005997657776, 0.021884426474571228, 0.02187884785234928, 0.021877795457839966, 0.021877212449908257, 0.021875619888305664, 0.021874165162444115, 0.02187296189367771, 0.021793974563479424, 0.02177290990948677, 0.021763961762189865, 0.021764392033219337, 0.021764008328318596, 0.02176305092871189, 0.02176239714026451, 0.02176167070865631, 0.021760929375886917, 0.021760180592536926, 0.02175942249596119, 0.021728212013840675, 0.02171999216079712, 0.02172175422310829, 0.021720143035054207, 0.021719878539443016, 0.02171938866376877, 0.021718982607126236, 0.021718541160225868, 0.021718095988035202, 0.02171763963997364],