{"current_epoch": 108, "training_losses": [0.5858064889907837, 0.17222630977630615, 0.10172266513109207, 0.08058952540159225, 0.07702133804559708, 0.05525165796279907, 0.043761517852544785, 0.044946033507585526, 0.03925589472055435, 0.030246112495660782, 0.036946069449186325, 0.032207924872636795, 0.029854103922843933, 0.03234623745083809, 0.029408078640699387, 0.026372259482741356, 0.0248697642236948, 0.0257617998868227, 0.02453923039138317, 0.025452980771660805, 0.02398006059229374, 0.025470027700066566, 0.02370584011077881, 0.025621891021728516, 0.023113910108804703, 0.025046467781066895, 0.022799313068389893, 0.02463546209037304, 0.0228420402854681, 0.02397734485566616, 0.02253926359117031, 0.023838436231017113, 0.02191641554236412, 0.023400703445076942, 0.022003328427672386, 0.023846805095672607, 0.02204148657619953, 0.024353325366973877, 0.021277358755469322, 0.023504547774791718, 0.021534975618124008, 0.02064790017902851, 0.020489409565925598, 0.020196812227368355, 0.020075364038348198, 0.020125264301896095, 0.02022690325975418, 0.020335515961050987, 0.020449863746762276, 0.02046934701502323, 0.019544625654816628, 0.018828529864549637, 0.018662312999367714, 0.01868315413594246, 0.018628988415002823, 0.018620500341057777, 0.01863887906074524, 0.01857033371925354, 0.018488461151719093, 0.018412699922919273, 0.018347540870308876, 0.018282655626535416, 0.01823967695236206, 0.018217340111732483, 0.018216410651803017, 0.018232587724924088, 0.01818290539085865, 0.018275361508131027, 0.01865714229643345, 0.018557721748948097, 0.01843428611755371, 0.018391981720924377, 0.018380215391516685, 0.017909593880176544, 0.017723534256219864, 0.017633650451898575, 0.017648283392190933, 0.017628081142902374, 0.017620757222175598, 0.017498904839158058, 0.01753120869398117, 0.01756111904978752, 0.017564063891768456, 0.01755840703845024, 0.017554420977830887, 0.01740775629878044, 0.01739283837378025, 0.01736341416835785, 0.017352957278490067, 0.01734941080212593, 0.017347384244203568, 0.01730261743068695, 0.01726626418530941, 0.017269019037485123, 0.017267581075429916, 0.01726561225950718, 0.017264029011130333, 0.017245158553123474, 0.01723400689661503, 0.01723356544971466, 0.017232943326234818, 0.01723203994333744, 0.01723124273121357, 0.017221037298440933, 0.017218710854649544, 0.017217282205820084, 0.017217064276337624, 0.017216648906469345], "validation_losses": [0.2779042422771454, 0.14069202542304993, 0.10492910444736481, 0.10027969628572464, 0.06269362568855286, 0.0594060979783535, 0.059877678751945496, 0.059166070073843, 0.0413348563015461, 0.033867813646793365, 0.047066524624824524, 0.034562818706035614, 0.03690722584724426, 0.04226958006620407, 0.029331551864743233, 0.029341980814933777, 0.027284996584057808, 0.02588961087167263, 0.025380583480000496, 0.025140445679426193, 0.02432733215391636, 0.025181517004966736, 0.02412811852991581, 0.02542218752205372, 0.024474088102579117, 0.02503003366291523, 0.023278366774320602, 0.02375388704240322, 0.022178450599312782, 0.022315870970487595, 0.022498570382595062, 0.02217189222574234, 0.02293509989976883, 0.02198776789009571, 0.02185266651213169, 0.021995337679982185, 0.021873697638511658, 0.024334317073225975, 0.022375470027327538, 0.023717248812317848, 0.022098425775766373, 0.021922912448644638, 0.021603956818580627, 0.021434372290968895, 0.02149355225265026, 0.021516697481274605, 0.021732009947299957, 0.021668894216418266, 0.021692296490073204, 0.021644504740834236, 0.020381150767207146, 0.01969754509627819, 0.019601643085479736, 0.01952183060348034, 0.019428996369242668, 0.01940034329891205, 0.019394107162952423, 0.019213657826185226, 0.01907379925251007, 0.01895306259393692, 0.01884552463889122, 0.018747549504041672, 0.018675168976187706, 0.018620086833834648, 0.0185809675604105, 0.018569065257906914, 0.018485741689801216, 0.018963420763611794, 0.019389156252145767, 0.01896665245294571, 0.018875375390052795, 0.01885649561882019, 0.018804283812642097, 0.024097444489598274, 0.02394481562077999, 0.02396918460726738, 0.023866325616836548, 0.023760871961712837, 0.023686831817030907, 0.02346334047615528, 0.023386618122458458, 0.023371413350105286, 0.023295218124985695, 0.02322004735469818, 0.02313259430229664, 0.023088326677680016, 0.023006226867437363, 0.022921640425920486, 0.02287263050675392, 0.022815031930804253, 0.02275673858821392, 0.022680282592773438, 0.02265896648168564, 0.0226278118789196, 0.022594233974814415, 0.022556571289896965, 0.022521715611219406, 0.02248385176062584, 0.022461168467998505, 0.02244243212044239, 0.022423744201660156, 0.0224019605666399, 0.02238275296986103, 0.02236889861524105, 0.022358864545822144, 0.022345533594489098, 0.022336017340421677, 0.022323613986372948], "train_av_time": 4.602288365364075, "val_av_time": 4.139098882675171, "total_time": 0.21318233940336437, "best_val_loss": 0.018485741689801216, "test_loss": 0, "test_loss_final": 0.022322390228509903, "test_lossESR_final": 0.027902936562895775, "test_loss_best": 0.01848568022251129, "test_lossESR_best": 0.02310454472899437}