{"current_epoch": 257, "training_losses": [2.894376039505005, 0.22836191952228546, 0.2036474049091339, 0.1384858787059784, 0.3790320158004761, 0.12575200200080872, 0.10506530851125717, 0.07284925132989883, 0.05129539594054222, 0.04411197453737259, 0.047287747263908386, 0.04657125100493431, 0.040558066219091415, 0.03796329349279404, 0.04436339810490608, 0.053272705525159836, 0.0463939793407917, 0.04010046273469925, 0.1013769805431366, 0.1457929164171219, 0.06314501911401749, 0.044255807995796204, 0.04309190437197685, 0.03678036481142044, 0.03420577198266983, 0.03212549537420273, 0.0311457309871912, 0.030328458175063133, 0.029774677008390427, 0.029689865186810493, 0.030009275302290916, 0.03029789589345455, 0.030149465426802635, 0.029615655541419983, 0.02902797795832157, 0.028553297743201256, 0.027981609106063843, 0.027405202388763428, 0.027042141184210777, 0.026904335245490074, 0.030966399237513542, 0.037703461945056915, 0.029199806973338127, 0.025301113724708557, 0.028168847784399986, 0.030068665742874146, 0.028745055198669434, 0.027455881237983704, 0.027970807626843452, 0.031952910125255585, 0.030883129686117172, 0.0281097199767828, 0.024083856493234634, 0.022583510726690292, 0.02465861849486828, 0.023954471573233604, 0.028954701498150826, 0.024548575282096863, 0.02731822058558464, 0.024328311905264854, 0.02560827136039734, 0.026918737217783928, 0.022082146257162094, 0.020504217594861984, 0.02321305312216282, 0.021352868527173996, 0.019499650225043297, 0.019079262390732765, 0.019320093095302582, 0.01951015368103981, 0.019552767276763916, 0.019535990431904793, 0.019460223615169525, 0.018876688554883003, 0.018178120255470276, 0.018442144617438316, 0.018227603286504745, 0.018207449465990067, 0.018103918060660362, 0.018068045377731323, 0.0179833322763443, 0.017939820885658264, 0.01786930300295353, 0.017815256491303444, 0.017756646499037743, 0.017697498202323914, 0.01764179766178131, 0.01758391223847866, 0.017525184899568558, 0.01746654324233532, 0.01740729808807373, 0.017348716035485268, 0.017294583842158318, 0.01725049689412117, 0.01722259819507599, 0.017214788123965263, 0.017227092757821083, 0.017256861552596092, 0.017301062121987343, 0.017357343807816505, 0.017423400655388832, 0.017495431005954742, 0.017568204551935196, 0.01763695850968361, 0.01769852079451084, 0.01775144599378109, 0.016780773177742958, 0.016652405261993408, 0.016016211360692978, 0.015725955367088318, 0.015713781118392944, 0.01579391211271286, 0.015868131071329117, 0.01592768169939518, 0.015957185998558998, 0.015973595902323723, 0.015991153195500374, 0.016013991087675095, 0.01603916846215725, 0.016062350943684578, 0.01569168083369732, 0.015474170446395874, 0.015410751104354858, 0.015354486182332039, 0.015305843204259872, 0.015268221497535706, 0.01523730717599392, 0.015209035947918892, 0.01518369559198618, 0.015159770846366882, 0.01513775996863842, 0.015116487629711628, 0.015096419490873814, 0.015076874755322933, 0.01505819521844387, 0.015039890073239803, 0.015022218227386475, 0.015004892833530903, 0.014988037757575512, 0.014971496537327766, 0.01495534460991621, 0.014939500950276852, 0.014923998154699802, 0.014908790588378906, 0.014893912710249424, 0.014879320748150349, 0.014865066856145859, 0.014851096086204052, 0.014837473630905151, 0.014824160374701023, 0.014811205677688122, 0.01479857973754406, 0.014786352403461933, 0.014774497598409653, 0.014763079583644867, 0.014752134680747986, 0.01474168710410595, 0.014731827192008495, 0.01472257636487484, 0.014714022167026997, 0.01470627635717392, 0.014699360355734825, 0.014693588018417358, 0.014689127914607525, 0.014688439667224884, 0.014681441709399223, 0.014680384658277035, 0.01467881165444851, 0.014680330641567707, 0.01468394324183464, 0.014687414281070232, 0.014691936783492565, 0.014696501195430756, 0.014702259562909603, 0.01470709964632988, 0.01471435371786356, 0.01471303217113018, 0.014712419360876083, 0.014706154353916645, 0.014699581079185009, 0.014689445495605469, 0.0146768344566226, 0.014659826643764973, 0.014640342444181442, 0.014617555774748325, 0.014593459665775299, 0.014567507430911064, 0.014541645534336567, 0.014514758251607418, 0.014487850479781628, 0.014461085200309753, 0.014434292912483215, 0.014409005641937256, 0.01438323687762022, 0.014360013417899609, 0.014334852807223797, 0.014047359116375446, 0.013976119458675385, 0.013952338136732578, 0.013916902244091034, 0.01388587336987257, 0.013860702514648438, 0.013838207349181175, 0.01381697878241539, 0.013796444050967693, 0.013776817359030247, 0.013757703825831413, 0.013739013113081455, 0.013722964562475681, 0.013712863437831402, 0.013667276129126549, 0.013660057447850704, 0.013652079738676548, 0.013642719015479088, 0.013619495555758476, 0.013630335219204426, 0.013624655082821846, 0.013622771017253399, 0.013620101846754551, 0.013617528602480888, 0.013615335337817669, 0.013612701557576656, 0.013598829507827759, 0.013622189871966839, 0.013621513731777668, 0.013608320616185665, 0.013598202727735043, 0.013592427596449852, 0.013554657809436321, 0.013539020903408527, 0.013539543375372887, 0.013538151048123837, 0.013536515645682812, 0.01353532262146473, 0.013525750488042831, 0.013523515313863754, 0.013522588647902012, 0.01352198701351881, 0.01352125033736229, 0.013520585373044014, 0.01351663377135992, 0.013516096398234367, 0.013515515252947807, 0.013515161350369453, 0.013514815829694271, 0.013514448888599873, 0.013512559235095978, 0.01351234596222639, 0.013512094505131245, 0.01351187750697136, 0.01351168379187584, 0.013511495664715767, 0.013510535471141338, 0.01351043488830328, 0.013510314747691154, 0.013510207645595074, 0.013510098680853844],