{"current_epoch": 173, "training_losses": [0.7992138862609863, 0.1653871238231659, 0.10891894996166229, 0.07822958379983902, 0.05955525487661362, 0.051273833960294724, 0.032557256519794464, 0.03527136519551277, 0.038207728415727615, 0.04111421853303909, 0.037997081875801086, 0.032468874007463455, 0.03877738118171692, 0.03650204837322235, 0.033308468759059906, 0.029375093057751656, 0.02720254473388195, 0.02919313684105873, 0.02584218978881836, 0.02560577727854252, 0.03267207741737366, 0.03159818798303604, 0.024719350039958954, 0.02883518673479557, 0.025411957874894142, 0.027912983670830727, 0.027618592604994774, 0.02617502212524414, 0.024094032123684883, 0.03363455459475517, 0.03301360458135605, 0.03548619896173477, 0.028830941766500473, 0.029622724279761314, 0.024743473157286644, 0.023730579763650894, 0.02436830662190914, 0.024972692131996155, 0.02545478753745556, 0.025708278641104698, 0.025070959702134132, 0.023684995248913765, 0.02255336381494999, 0.021930286660790443, 0.022119641304016113, 0.022470617666840553, 0.022723868489265442, 0.02343294955790043, 0.022944673895835876, 0.022917062044143677, 0.050173088908195496, 0.08847588300704956, 0.05271945521235466, 0.030874017626047134, 0.02439846098423004, 0.02446451224386692, 0.024569092318415642, 0.023618191480636597, 0.02298390120267868, 0.02223985828459263, 0.021687492728233337, 0.021336976438760757, 0.021194348111748695, 0.02131638117134571, 0.02172836661338806, 0.02237842231988907, 0.023129938170313835, 0.023568352684378624, 0.02354245074093342, 0.02268151380121708, 0.022133246064186096, 0.02225157618522644, 0.0220597255975008, 0.02316836081445217, 0.027371548116207123, 0.023600207641720772, 0.022618094459176064, 0.02167823351919651, 0.020760545507073402, 0.02061733603477478, 0.020394088700413704, 0.020421721041202545, 0.020330598577857018, 0.02021953836083412, 0.02018112875521183, 0.020112261176109314, 0.0200201366096735, 0.019929811358451843, 0.01985587552189827, 0.01981375738978386, 0.019817886874079704, 0.019872670993208885, 0.01997111737728119, 0.020095374435186386, 0.020209908485412598, 0.020268945023417473, 0.020246321335434914, 0.0201577041298151, 0.020043065771460533, 0.01993683911859989, 0.019862370565533638, 0.01983543299138546, 0.0198587067425251, 0.019909769296646118, 0.01994587481021881, 0.019950151443481445, 0.019951146095991135, 0.019969593733549118, 0.01999177597463131, 0.020008178427815437, 0.02001863159239292, 0.019132116809487343, 0.01886814273893833, 0.0189417265355587, 0.01901807077229023, 0.01924268715083599, 0.01921231485903263, 0.019240468740463257, 0.019267357885837555, 0.019350390881299973, 0.019449034705758095, 0.019541598856449127, 0.019859561696648598, 0.019208699464797974, 0.019077952951192856, 0.018452465534210205, 0.018609410151839256, 0.0185466930270195, 0.01850932277739048, 0.018581008538603783, 0.018531769514083862, 0.018590670078992844, 0.018607351928949356, 0.01864473521709442, 0.018644407391548157, 0.01870443858206272, 0.018728211522102356, 0.018740009516477585, 0.018804065883159637, 0.018843716010451317, 0.018846720457077026, 0.018914997577667236, 0.018979791551828384, 0.018655899912118912, 0.018798992037773132, 0.01882164739072323, 0.018746931105852127, 0.01872248761355877, 0.01877537928521633, 0.018766283988952637, 0.018777988851070404, 0.01881203055381775, 0.018788272514939308, 0.018804537132382393, 0.018560484051704407, 0.018645165488123894, 0.018645014613866806, 0.01864037849009037, 0.01865505613386631, 0.018714740872383118, 0.018703410401940346, 0.018709696829319, 0.018721817061305046, 0.018731728196144104, 0.018742095679044724, 0.018645917996764183, 0.01855078712105751, 0.018554115667939186, 0.018562838435173035, 0.018562236800789833, 0.01856405660510063, 0.018567975610494614, 0.018572602421045303], "validation_losses": [0.2439526915550232, 0.1559167504310608, 0.13203735649585724, 0.06376638263463974, 0.07462601363658905, 0.043954942375421524, 0.03387967497110367, 0.04524357616901398, 0.05507265776395798, 0.038845498114824295, 0.03870028629899025, 0.0592702180147171, 0.04396659880876541, 0.034241948276758194, 0.030217107385396957, 0.037293966859579086, 0.033198874443769455, 0.03059495985507965, 0.032558344304561615, 0.034999504685401917, 0.04064634442329407, 0.04094192013144493, 0.027387911453843117, 0.031841691583395004, 0.033876631408929825, 0.037571363151073456, 0.03919840231537819, 0.03154417499899864, 0.03388048708438873, 0.04035453870892525, 0.042566921561956406, 0.03460564464330673, 0.06310597062110901, 0.03532538190484047, 0.027421915903687477, 0.02469071000814438, 0.023948408663272858, 0.02396795153617859, 0.025123747065663338, 0.027004454284906387, 0.027912922203540802, 0.026873083785176277, 0.024454332888126373, 0.022843116894364357, 0.022934559732675552, 0.022716689854860306, 0.028361879289150238, 0.02353217452764511, 0.02307485044002533, 0.035255152732133865, 0.07518445700407028, 0.0831817165017128, 0.04312898963689804, 0.03008006140589714, 0.030289117246866226, 0.027007531374692917, 0.03311454504728317, 0.032205261290073395, 0.027989450842142105, 0.025714291259646416, 0.024890944361686707, 0.025207040831446648, 0.026676300913095474, 0.027473928406834602, 0.024657828733325005, 0.022641830146312714, 0.02261710911989212, 0.024402521550655365, 0.025138888508081436, 0.02504984848201275, 0.02571611851453781, 0.026171769946813583, 0.025891263037919998, 0.03473265841603279, 0.028798749670386314, 0.026915306225419044, 0.025317160412669182, 0.024516770616173744, 0.02364879474043846, 0.023404745385050774, 0.023211386054754257, 0.023048268631100655, 0.02273854985833168, 0.022565288469195366, 0.022463472560048103, 0.02234560437500477, 0.022195706143975258, 0.022106250748038292, 0.022104540839791298, 0.022232379764318466, 0.022512061521410942, 0.02290257252752781, 0.023268213495612144, 0.023410722613334656, 0.023161858320236206, 0.022586585953831673, 0.021974748000502586, 0.021560190245509148, 0.021355584263801575, 0.021286990493535995, 0.021313993260264397, 0.021447064355015755, 0.02167494222521782, 0.021982844918966293, 0.022333376109600067, 0.022614620625972748, 0.022804709151387215, 0.022987984120845795, 0.023146389052271843, 0.023269327357411385, 0.023354409262537956, 0.020853960886597633, 0.021118976175785065, 0.02101030759513378, 0.021370192989706993, 0.021824931725859642, 0.021938350051641464, 0.021947180852293968, 0.0220037829130888, 0.022138426080346107, 0.022397344931960106, 0.022522982209920883, 0.022951221093535423, 0.020791687071323395, 0.02056446112692356, 0.02058272808790207, 0.020416591316461563, 0.020353268831968307, 0.020300276577472687, 0.020265139639377594, 0.02023807354271412, 0.02021048590540886, 0.020221877843141556, 0.020267918705940247, 0.020258966833353043, 0.02026616595685482, 0.020312394946813583, 0.020320504903793335, 0.020335089415311813, 0.02037954330444336, 0.02041362039744854, 0.02037225104868412, 0.02048948034644127, 0.020368542522192, 0.020399026572704315, 0.020373862236738205, 0.020275840535759926, 0.020235521718859673, 0.020220180973410606, 0.020279090851545334, 0.02026553638279438, 0.020234595984220505, 0.02029011957347393, 0.02027997560799122, 0.020252153277397156, 0.020285818725824356, 0.020320484414696693, 0.020350029692053795, 0.020374935120344162, 0.020448021590709686, 0.020448431372642517, 0.020443066954612732, 0.0204309169203043, 0.020418524742126465, 0.020404111593961716, 0.020249057561159134, 0.020234227180480957, 0.020236507058143616, 0.020227722823619843, 0.020220940932631493, 0.020217150449752808, 0.020214062184095383, 0.020211664959788322], "train_av_time": 4.7132346630096436, "val_av_time": 4.117789268493652, "total_time": 0.29114045957724266, "best_val_loss": 0.02021048590540886, "test_loss": 0, "test_loss_final": 0.02021278627216816, "test_lossESR_final": 0.02526596561074257, "test_loss_best": 0.020211897790431976, "test_lossESR_best": 0.025262903422117233}