{"current_epoch": 88, "training_losses": [1.0800981521606445, 0.24032948911190033, 0.2132277488708496, 0.20968946814537048, 0.20610322058200836, 0.20223505795001984, 0.19261963665485382, 0.16608375310897827, 0.13527928292751312, 0.13602527976036072, 0.214980348944664, 0.17871741950511932, 0.13145095109939575, 0.12527088820934296, 0.13693073391914368, 0.1663704365491867, 0.1440361738204956, 0.10384887456893921, 0.12362846732139587, 0.07147028297185898, 0.05794592574238777, 0.05521921440958977, 0.05841910094022751, 0.06145254895091057, 0.061845775693655014, 0.058405205607414246, 0.05411567538976669, 0.05388474091887474, 0.057576317340135574, 0.05695975944399834, 0.05372750386595726, 0.05004498362541199, 0.053276702761650085, 0.05087323114275932, 0.05490350350737572, 0.06141514331102371, 0.058183178305625916, 0.05361064523458481, 0.04892081022262573, 0.049801502376794815, 0.051932964473962784, 0.04839970916509628, 0.04497619718313217, 0.06278694421052933, 0.06105242297053337, 0.046667858958244324, 0.04425327852368355, 0.04654095694422722, 0.047518905252218246, 0.1702021062374115, 0.14299698173999786, 0.16887390613555908, 0.12402715533971786, 0.07849285751581192, 0.061327479779720306, 0.05575568601489067, 0.05447767674922943, 0.054307520389556885, 0.051193080842494965, 0.05003604665398598, 0.048919759690761566, 0.04805440828204155, 0.04718199744820595, 0.0471777506172657, 0.04763856902718544, 0.050883159041404724, 0.055257201194763184, 0.05425281077623367, 0.051717359572649, 0.0489184744656086, 0.04748762771487236, 0.0476926751434803, 0.047488756477832794, 0.047303326427936554, 0.04701143503189087, 0.04556597024202347, 0.042024556547403336, 0.045572299510240555, 0.04340065270662308, 0.03957432508468628, 0.03715921938419342, 0.03714824467897415, 0.03778022527694702, 0.04305407032370567, 0.04228069633245468, 0.04189285263419151, 0.041373979300260544, 0.04082862660288811], "validation_losses": [0.31068655848503113, 0.2433735877275467, 0.23641280829906464, 0.23494501411914825, 0.2322685271501541, 0.22168157994747162, 0.21435439586639404, 0.1531563252210617, 0.14790990948677063, 0.19156229496002197, 0.29934296011924744, 0.17311230301856995, 0.13591746985912323, 0.16891267895698547, 0.16343902051448822, 0.23700273036956787, 0.12668080627918243, 0.09517576545476913, 0.07703237980604172, 0.06703256070613861, 0.06238636001944542, 0.059431444853544235, 0.05839471146464348, 0.07453320175409317, 0.07003749907016754, 0.058277662843465805, 0.05710811913013458, 0.05852817744016647, 0.07497254759073257, 0.07430223375558853, 0.05445988476276398, 0.05203559622168541, 0.05347568914294243, 0.05381543189287186, 0.0758645087480545, 0.07395146787166595, 0.07396280020475388, 0.05408443138003349, 0.05172570049762726, 0.05584279075264931, 0.05238562449812889, 0.04646524041891098, 0.04606977477669716, 0.05023090913891792, 0.05333402007818222, 0.04278256744146347, 0.03891519457101822, 0.04842414706945419, 0.05234430730342865, 0.1831812709569931, 0.1441306322813034, 0.30434340238571167, 0.11438021808862686, 0.06865324825048447, 0.06209370866417885, 0.05998750030994415, 0.05773051828145981, 0.05573210492730141, 0.054240476340055466, 0.05336829274892807, 0.05267899110913277, 0.051806431263685226, 0.050943873822689056, 0.050658125430345535, 0.049513962119817734, 0.06268148124217987, 0.05973432585597038, 0.0547415129840374, 0.05373135954141617, 0.05169796571135521, 0.05108942091464996, 0.05072568729519844, 0.05034978315234184, 0.05005839094519615, 0.04976707324385643, 0.04627934470772743, 0.048236556351184845, 0.048621419817209244, 0.04572712257504463, 0.04240579530596733, 0.04184025526046753, 0.04175344109535217, 0.049180321395397186, 0.04795573651790619, 0.04692859575152397, 0.046583209186792374, 0.04601899906992912, 0.045384954661130905], "train_av_time": 10.953529238700867, "val_av_time": 9.795054197311401, "total_time": 0.3051566760407554, "best_val_loss": 0.03891519457101822, "test_loss": 0, "test_loss_final": 0.04538373276591301, "test_lossESR_final": 0.05672905966639519, "test_loss_best": 0.0389176644384861, "test_lossESR_best": 0.0485764816403389}