{"current_epoch": 181, "training_losses": [20.346227645874023, 0.3593007028102875, 0.23534177243709564, 0.2248019427061081, 0.22266805171966553, 0.2214542180299759, 0.22060370445251465, 0.21985678374767303, 0.2190726101398468, 0.21819694340229034, 0.21718022227287292, 0.21599750220775604, 0.21465155482292175, 0.21315748989582062, 0.21155183017253876, 0.20992353558540344, 0.20839349925518036, 0.2070201337337494, 0.20578549802303314, 0.20461110770702362, 0.2033827155828476, 0.201995849609375, 0.20042510330677032, 0.19874027371406555, 0.19718478620052338, 0.19582894444465637, 0.19455599784851074, 0.1933385580778122, 0.1920997053384781, 0.1904209554195404, 0.1883905827999115, 0.18657711148262024, 0.18434269726276398, 0.18250712752342224, 0.2519192397594452, 0.2592138350009918, 0.2139398455619812, 0.20064744353294373, 0.19384731352329254, 0.19034646451473236, 0.18893511593341827, 0.18524639308452606, 0.18000388145446777, 0.17443761229515076, 0.16815544664859772, 0.14015693962574005, 0.10257892310619354, 0.06985504925251007, 0.05804526060819626, 0.052221041172742844, 0.050801534205675125, 0.04873405769467354, 0.04764644429087639, 0.04347921907901764, 0.04207954183220863, 0.042563240975141525, 0.043830543756484985, 0.04122859239578247, 0.03821039944887161, 0.03998163715004921, 0.03981710970401764, 0.037112072110176086, 0.03741440549492836, 0.03688435256481171, 0.035380132496356964, 0.03539742901921272, 0.035188592970371246, 0.03419613093137741, 0.03420286253094673, 0.0339471735060215, 0.03312508016824722, 0.03345188871026039, 0.03292786329984665, 0.03316531330347061, 0.03292868286371231, 0.03316537290811539, 0.03293156623840332, 0.03358406573534012, 0.0330379456281662, 0.034401487559080124, 0.03332514315843582, 0.03488478064537048, 0.03187139704823494, 0.03158692643046379, 0.03138096258044243, 0.031138859689235687, 0.03107384964823723, 0.0310576893389225, 0.03102676197886467, 0.030984429642558098, 0.030933283269405365, 0.030904971063137054, 0.030871765688061714, 0.03084827959537506, 0.030820682644844055, 0.03078729845583439, 0.030764257535338402, 0.03074687533080578, 0.03072855994105339, 0.030702581629157066, 0.030662786215543747, 0.030606798827648163, 0.030546294525265694, 0.030487682670354843, 0.030435269698500633, 0.03039763867855072, 0.03035390004515648, 0.03029237687587738, 0.030201584100723267, 0.030094008892774582, 0.029978357255458832, 0.02985513210296631, 0.02972724288702011, 0.029593413695693016, 0.029450874775648117, 0.029286537319421768, 0.029225604608654976, 0.029223719611763954, 0.029264966025948524, 0.029260097071528435, 0.029118403792381287, 0.02911413088440895, 0.029184440150856972, 0.029015328735113144, 0.028830043971538544, 0.02896699123084545, 0.029018746688961983, 0.028730517253279686, 0.028634032234549522, 0.028701243922114372, 0.0286683589220047, 0.028332462534308434, 0.02843683771789074, 0.028380364179611206, 0.028140511363744736, 0.02811220847070217, 0.028332144021987915, 0.028533007949590683, 0.028082428500056267, 0.02857791632413864, 0.02846614457666874, 0.028541114181280136, 0.08504680544137955, 0.06029088422656059, 0.04944388195872307, 0.040295012295246124, 0.037599049508571625, 0.03618938848376274, 0.034971680492162704, 0.03445268049836159, 0.03400895372033119, 0.03348248079419136, 0.03298024833202362, 0.0328654870390892, 0.03269950672984123, 0.032484449446201324, 0.032291777431964874, 0.032110266387462616, 0.031831856817007065, 0.03178970515727997, 0.031703345477581024, 0.0316099189221859, 0.031520385295152664, 0.031435735523700714, 0.03127368539571762, 0.0311726126819849, 0.03113453835248947, 0.03109336830675602, 0.03105151280760765, 0.031010469421744347, 0.0309585090726614, 0.030937450006604195, 0.030917571857571602, 0.030897468328475952, 0.030876293778419495, 0.030854996293783188, 0.03082744963467121, 0.03081490844488144, 0.030802210792899132, 0.030791180208325386, 0.030780091881752014], "validation_losses": [0.30334150791168213, 0.27020612359046936, 0.2582528591156006, 0.2576436996459961, 0.25487062335014343, 0.2536781430244446, 0.25258269906044006, 0.25147226452827454, 0.2502346634864807, 0.2487981915473938, 0.24711598455905914, 0.24517756700515747, 0.24301786720752716, 0.24071896076202393, 0.23838792741298676, 0.2362123727798462, 0.23434953391551971, 0.2328392118215561, 0.23163506388664246, 0.23050320148468018, 0.22902394831180573, 0.22674685716629028, 0.22371137142181396, 0.22053483128547668, 0.21793709695339203, 0.21586377918720245, 0.21388758718967438, 0.21212485432624817, 0.21003033220767975, 0.20779718458652496, 0.2052817940711975, 0.20284126698970795, 0.19941893219947815, 0.2002689093351364, 0.30220457911491394, 0.2507058084011078, 0.2330714911222458, 0.2213764637708664, 0.2168319672346115, 0.21147100627422333, 0.20302338898181915, 0.19878636300563812, 0.19238980114459991, 0.18605376780033112, 0.17174266278743744, 0.13071423768997192, 0.09525539726018906, 0.07893075793981552, 0.06819354742765427, 0.06829401105642319, 0.06352262198925018, 0.06428062170743942, 0.05684006214141846, 0.053483009338378906, 0.05523323640227318, 0.056557100266218185, 0.054685719311237335, 0.048745762556791306, 0.04823652654886246, 0.056710172444581985, 0.04725824296474457, 0.04567279666662216, 0.04768317937850952, 0.044689420610666275, 0.04353683814406395, 0.043696243315935135, 0.04273250699043274, 0.042015984654426575, 0.04218706488609314, 0.04112605005502701, 0.040971580892801285, 0.040856607258319855, 0.041142530739307404, 0.04058326780796051, 0.0411313995718956, 0.040188226848840714, 0.041591886430978775, 0.040299948304891586, 0.04288391396403313, 0.0412108413875103, 0.044108763337135315, 0.04116624593734741, 0.03853883221745491, 0.038705870509147644, 0.03818517550826073, 0.03803081437945366, 0.03798738121986389, 0.03792998939752579, 0.03782496601343155, 0.037703562527894974, 0.03761327639222145, 0.03751799464225769, 0.03742099925875664, 0.03731424733996391, 0.03720653057098389, 0.03712209686636925, 0.03708173334598541, 0.0370914600789547, 0.03713177144527435, 0.037169162184000015, 0.037148479372262955, 0.0370701402425766, 0.03694984316825867, 0.03681538999080658, 0.03670840337872505, 0.036606285721063614, 0.03649264946579933, 0.03631868213415146, 0.03609389066696167, 0.03585343062877655, 0.03562842309474945, 0.03540831804275513, 0.035186316817998886, 0.03498309105634689, 0.034765321761369705, 0.03465462476015091, 0.03461647033691406, 0.03466670960187912, 0.03469091281294823, 0.03435124084353447, 0.03419385477900505, 0.03442057594656944, 0.0341917984187603, 0.03363636136054993, 0.033716026693582535, 0.034239690750837326, 0.03335919603705406, 0.03313856199383736, 0.03351911902427673, 0.033680032938718796, 0.032685380429029465, 0.032783251255750656, 0.03332732990384102, 0.03275689482688904, 0.032331909984350204, 0.03272980824112892, 0.0343523845076561, 0.033277906477451324, 0.033290039747953415, 0.032232530415058136, 0.036202702671289444, 0.12485698610544205, 0.08925549685955048, 0.06800629943609238, 0.05276404693722725, 0.04728434979915619, 0.044834963977336884, 0.042813580483198166, 0.042067062109708786, 0.04170934855937958, 0.041113484650850296, 0.040577083826065063, 0.04063364490866661, 0.0406428724527359, 0.040399860590696335, 0.04015369340777397, 0.03997066989541054, 0.03978431597352028, 0.0398842878639698, 0.039630226790905, 0.03947623446583748, 0.03937862440943718, 0.03929675742983818, 0.039218008518218994, 0.038929760456085205, 0.038965437561273575, 0.03889421001076698, 0.03885931521654129, 0.038818322122097015, 0.03877636790275574, 0.03876455873250961, 0.038738202303647995, 0.038722772151231766, 0.038701534271240234, 0.038681186735630035, 0.038660928606987, 0.03862552344799042, 0.038613684475421906, 0.03860325738787651, 0.03859187662601471, 0.03858084976673126], "train_av_time": 5.484463810920715, "val_av_time": 4.090129256248474, "total_time": 0.39487966703044075, "best_val_loss": 0.032232530415058136, "test_loss": 0, "test_loss_final": 0.03858085349202156, "test_lossESR_final": 0.04822269827127457,