{"current_epoch": 187, "training_losses": [0.6844426989555359, 0.218908429145813, 0.21255992352962494, 0.204437717795372, 0.20510104298591614, 0.20426182448863983, 0.20905306935310364, 0.19990256428718567, 0.188897505402565, 0.2133152335882187, 0.21224193274974823, 0.20784610509872437, 0.20537284016609192, 0.2128177434206009, 0.20362262427806854, 0.19566480815410614, 0.19264739751815796, 0.2158523052930832, 0.20801319181919098, 0.19667433202266693, 0.18901777267456055, 0.18154215812683105, 0.18043625354766846, 0.19580216705799103, 0.22250325977802277, 0.20354151725769043, 0.1990145593881607, 0.19253677129745483, 0.18464507162570953, 0.16959285736083984, 0.1787007600069046, 0.15802744030952454, 0.19016678631305695, 0.17422418296337128, 0.15174388885498047, 0.1637929379940033, 0.216830775141716, 0.1587393581867218, 0.13471412658691406, 0.12883919477462769, 0.11793794482946396, 0.10790953040122986, 0.10007023811340332, 0.10798045992851257, 0.13230688869953156, 0.12733124196529388, 0.15664887428283691, 0.12387003749608994, 0.09581002593040466, 0.08181711286306381, 0.07066845893859863, 0.06147715449333191, 0.05651776120066643, 0.05249377340078354, 0.053079359233379364, 0.04954426363110542, 0.049197208136320114, 0.048905789852142334, 0.04424837976694107, 0.03812945634126663, 0.0378052219748497, 0.03648025542497635, 0.0408477820456028, 0.043580617755651474, 0.04172699153423309, 0.03930587321519852, 0.03645560145378113, 0.03918983042240143, 0.04781824350357056, 0.05504796281456947, 0.05570830777287483, 0.043921440839767456, 0.03994312509894371, 0.03864159435033798, 0.038196396082639694, 0.036810748279094696, 0.036761052906513214, 0.03966233879327774, 0.03980649635195732, 0.038830578327178955, 0.03766511008143425, 0.03691774234175682, 0.036520976573228836, 0.0359078086912632, 0.03540411591529846, 0.03907608613371849, 0.037860170006752014, 0.03647643327713013, 0.037688467651605606, 0.036472730338573456, 0.03591116517782211, 0.035229358822107315, 0.0350167378783226, 0.03536646440625191, 0.03436269238591194, 0.03428570181131363, 0.034299954771995544, 0.03413407877087593, 0.03432190418243408, 0.03505662456154823, 0.034412480890750885, 0.034239184111356735, 0.03395490720868111, 0.03339965641498566, 0.03579796850681305, 0.034231025725603104, 0.0342506542801857, 0.03383250907063484, 0.03357536718249321, 0.033822059631347656, 0.03396569564938545, 0.03407823666930199, 0.03372136875987053, 0.03411876782774925, 0.033524490892887115, 0.034010592848062515, 0.034107986837625504, 0.03487411141395569, 0.03375251218676567, 0.03393822908401489, 0.036905668675899506, 0.035529300570487976, 0.03750156611204147, 0.034967537969350815, 0.034860316663980484, 0.03384856507182121, 0.033941447734832764, 0.033762894570827484, 0.03386976197361946, 0.03381883352994919, 0.03541222959756851, 0.03349233418703079, 0.03361132740974426, 0.0333995595574379, 0.03388732299208641, 0.03402075916528702, 0.03340919688344002, 0.03365514054894447, 0.03321414068341255, 0.032458722591400146, 0.0324384868144989, 0.032351452857255936, 0.03224055469036102, 0.032239314168691635, 0.03223056718707085, 0.032226163893938065, 0.03220207244157791, 0.032189950346946716, 0.03211357071995735, 0.03218105435371399, 0.032226383686065674, 0.03253711760044098, 0.03245310112833977, 0.06120467931032181, 0.05712735280394554, 0.044327735900878906, 0.03908314183354378, 0.037463366985321045, 0.03662407398223877, 0.03619705140590668, 0.036074310541152954, 0.03601280599832535, 0.03593513369560242, 0.03579467162489891, 0.0355299636721611, 0.03576434403657913, 0.03571674972772598, 0.034941866993904114, 0.034752074629068375, 0.03477034717798233, 0.03481583669781685, 0.03500521183013916, 0.03678831458091736, 0.035650309175252914, 0.03527671471238136, 0.03500603884458542, 0.034899745136499405, 0.03480245918035507, 0.03460288420319557, 0.03442736715078354, 0.0344153568148613, 0.034388188272714615, 0.034416474401950836, 0.034293282777071, 0.03427216038107872, 0.03424326702952385, 0.034265488386154175], "validation_losses": [0.25909191370010376, 0.2563152015209198, 0.2469491809606552, 0.21193012595176697, 0.24301165342330933, 0.24931132793426514, 0.2357775717973709, 0.22687928378582, 0.24557094275951385, 0.2485627979040146, 0.2433513104915619, 0.2377796769142151, 0.2714118957519531, 0.24693405628204346, 0.23737594485282898, 0.22429326176643372, 0.25863927602767944, 0.24408529698848724, 0.2341437190771103, 0.22101829946041107, 0.19393110275268555, 0.2136683613061905, 0.23122945427894592, 0.235700786113739, 0.24148929119110107, 0.23154693841934204, 0.2349751740694046, 0.19876550137996674, 0.1812162548303604, 0.2199387103319168, 0.17952698469161987, 0.16733267903327942, 0.22426104545593262, 0.1725648194551468, 0.1673613041639328, 0.22594623267650604, 0.1930067390203476, 0.15781080722808838, 0.14461079239845276, 0.13779126107692719, 0.1290964037179947, 0.11075620353221893, 0.11439889669418335, 0.15272600948810577, 0.14575496315956116, 0.1327514499425888, 0.17143981158733368, 0.11026961356401443, 0.09941286593675613, 0.08354735374450684, 0.07593584805727005, 0.06765986979007721, 0.06387121975421906, 0.06275781989097595, 0.06630665063858032, 0.0613582544028759, 0.058124836534261703, 0.06327168643474579, 0.04923195764422417, 0.05027611181139946, 0.047614600509405136, 0.052657149732112885, 0.05861978605389595, 0.05287352576851845, 0.055229708552360535, 0.051280371844768524, 0.050383854657411575, 0.05097543075680733, 0.05807576701045036, 0.06577640026807785, 0.05834154412150383, 0.049408216029405594, 0.048397939652204514, 0.04591906815767288, 0.04458576440811157, 0.04336141422390938, 0.05079083889722824, 0.04786490276455879, 0.04749346897006035, 0.04652822017669678, 0.04520241916179657, 0.043895795941352844, 0.04382609948515892, 0.04436415061354637, 0.04819539189338684, 0.049011752009391785, 0.045415088534355164, 0.04409927502274513, 0.04433432221412659, 0.04354758933186531, 0.04235583916306496, 0.04186665266752243, 0.043393366038799286, 0.041152242571115494, 0.040736276656389236, 0.04096442833542824, 0.040678396821022034, 0.04138882830739021, 0.04125852882862091, 0.04184535890817642, 0.041308365762233734, 0.041456762701272964, 0.040446776896715164, 0.03983777388930321, 0.04252041131258011, 0.041955623775720596, 0.04040253162384033, 0.04021567851305008, 0.04008973762392998, 0.04011177644133568, 0.04105693846940994, 0.040360867977142334, 0.04011615365743637, 0.03962581977248192, 0.03936238959431648, 0.03909932076931, 0.039931830018758774, 0.04140316694974899, 0.0399722196161747, 0.04257260635495186, 0.04470536857843399, 0.04010583832859993, 0.04157219082117081, 0.041912853717803955, 0.04020344093441963, 0.03961242735385895, 0.040080826729536057, 0.03944579139351845, 0.04059312865138054, 0.040168117731809616, 0.0404665581882, 0.040586456656455994, 0.04034490883350372, 0.04116126894950867, 0.0413011834025383, 0.040424931794404984, 0.039365533739328384, 0.041186604648828506, 0.039563558995723724, 0.03897983953356743, 0.03879120573401451, 0.03840111941099167, 0.03821483254432678, 0.03813828155398369, 0.038190778344869614, 0.03797908127307892, 0.03800046443939209, 0.038237620145082474, 0.03809622675180435, 0.038345616310834885, 0.03851473331451416, 0.03963703662157059, 0.038400568068027496, 0.08447399735450745, 0.05057397484779358, 0.04660598188638687, 0.041137244552373886, 0.040254365652799606, 0.03940096125006676, 0.0393526628613472, 0.03887016326189041, 0.03847019746899605, 0.03820972144603729, 0.0379798486828804, 0.038144443184137344, 0.038807354867458344, 0.03831065073609352, 0.03844069689512253, 0.038246359676122665, 0.03816963732242584, 0.03825567662715912, 0.04048257693648338, 0.0392124280333519, 0.03865627199411392, 0.03835060074925423, 0.038334622979164124, 0.03824007511138916, 0.03835209459066391, 0.038359805941581726, 0.03843880817294121, 0.03857551887631416, 0.03869815170764923, 0.0385548397898674, 0.03859022632241249, 0.03852023184299469, 0.03856804221868515, 0.038610730320215225], "train_av_time": 4.489479899406433,