{"current_epoch": 216, "training_losses": [0.38938549160957336, 0.16903646290302277, 0.11879689246416092, 0.09563593566417694, 0.08086276054382324, 0.0664331465959549, 0.049407050013542175, 0.03995906189084053, 0.05903054401278496, 0.0755431205034256, 0.04672561213374138, 0.07991599291563034, 0.06189668923616409, 0.05010053515434265, 0.04136361926794052, 0.0356828011572361, 0.0362708643078804, 0.04068613797426224, 0.03314213082194328, 0.0333687961101532, 0.030667588114738464, 0.026853350922465324, 0.02893371321260929, 0.038218483328819275, 0.029695384204387665, 0.033596932888031006, 0.03340689092874527, 0.033086374402046204, 0.026447918266057968, 0.02661215513944626, 0.027589676901698112, 0.029490046203136444, 0.02776573784649372, 0.026420651003718376, 0.022638531401753426, 0.02225114032626152, 0.02439071424305439, 0.02785378322005272, 0.022323358803987503, 0.022620493546128273, 0.022049307823181152, 0.02215616963803768, 0.022521138191223145, 0.023593686521053314, 0.025998055934906006, 0.026891103014349937, 0.025381091982126236, 0.023214668035507202, 0.025823865085840225, 0.031055008992552757, 0.02562711574137211, 0.024691414088010788, 0.02406451106071472, 0.023175999522209167, 0.022445181384682655, 0.022331835702061653, 0.022400489076972008, 0.022713303565979004, 0.023010985925793648, 0.0231271144002676, 0.023396311327815056, 0.024252884089946747, 0.022140970453619957, 0.0211187694221735, 0.021055173128843307, 0.020829638466238976, 0.020738666877150536, 0.02080194093286991, 0.020716045051813126, 0.020717471837997437, 0.020549433305859566, 0.020593762397766113, 0.020686214789748192, 0.02068595588207245, 0.02091447450220585, 0.02098441682755947, 0.02150714211165905, 0.02123662456870079, 0.020269984379410744, 0.019835038110613823, 0.019628167152404785, 0.019665617495775223, 0.019725101068615913, 0.01973508670926094, 0.01980896107852459, 0.019841596484184265, 0.0199264045804739, 0.01997106336057186, 0.02006302773952484, 0.020112862810492516, 0.020207593217492104, 0.019992360845208168, 0.020002394914627075, 0.01999438740313053, 0.0199547428637743, 0.019989866763353348, 0.01998429372906685, 0.020010819658637047, 0.019996091723442078, 0.02000870369374752, 0.019986078143119812, 0.019991789013147354, 0.01996217668056488, 0.01996566914021969, 0.01992991752922535, 0.019934630021452904, 0.01989450305700302, 0.019903460517525673, 0.019860774278640747, 0.01987646520137787, 0.019832827150821686, 0.01985698938369751, 0.019813373684883118, 0.019847040995955467, 0.01980334334075451, 0.019846877083182335, 0.019590064883232117, 0.01955079846084118, 0.019610071554780006, 0.01964901201426983, 0.019664043560624123, 0.019684920087456703, 0.019698895514011383, 0.019706472754478455, 0.019720641896128654, 0.019729504361748695, 0.01974405348300934, 0.019460175186395645, 0.019553884863853455, 0.019460273906588554, 0.019428322091698647, 0.019432714208960533, 0.019435573369264603, 0.019435063004493713, 0.01943536102771759, 0.019436703994870186, 0.019438402727246284, 0.01944025233387947, 0.019442308694124222, 0.019444581121206284, 0.01944701373577118, 0.019341720268130302, 0.01932007074356079, 0.01936783827841282, 0.01936880685389042, 0.019368276000022888, 0.019368985667824745, 0.01937062107026577, 0.01937292516231537, 0.019375329837203026, 0.019377823919057846, 0.019380271434783936, 0.01931043155491352, 0.01920216903090477, 0.01920667476952076, 0.019214000552892685, 0.019211381673812866, 0.019212650135159492, 0.019213508814573288, 0.019214199855923653, 0.019215000793337822, 0.019215814769268036, 0.019216636195778847, 0.019217466935515404, 0.019203174859285355, 0.019175522029399872, 0.019178491085767746, 0.019177380949258804, 0.019177978858351707, 0.019177956506609917, 0.019178127869963646, 0.019178297370672226, 0.01917848363518715, 0.019178681075572968, 0.019178884103894234, 0.019179098308086395, 0.019170168787240982, 0.01916590891778469, 0.019163453951478004, 0.01916390098631382, 0.019163822755217552, 0.019163787364959717, 0.019163839519023895, 0.019163869321346283, 0.01916390471160412, 0.01916395127773285, 0.01916399970650673, 0.01915861666202545, 0.019158242270350456, 0.019157275557518005, 0.01915702037513256, 0.019157007336616516, 0.019156992435455322, 0.019156981259584427, 0.01915697194635868, 0.01915697194635868, 0.01915697194635868, 0.019156981259584427, 0.019153907895088196, 0.019153978675603867, 0.019153758883476257, 0.01915362849831581, 0.019153567031025887, 0.019153539091348648, 0.019153526052832603, 0.019153520464897156, 0.01915350928902626, 0.019153505563735962, 0.019153503701090813, 0.019151810556650162, 0.01915186457335949, 0.019151825457811356, 0.01915179379284382, 0.019151771441102028, 0.019151756539940834, 0.019151749089360237],