{"current_epoch": 225, "training_losses": [13.304182052612305, 0.2298561930656433, 0.21476244926452637, 0.20651523768901825, 0.1980496346950531, 0.2139938771724701, 0.2142120748758316, 0.20725081861019135, 0.20252083241939545, 0.19448883831501007, 0.20200395584106445, 0.20551776885986328, 0.2163512408733368, 0.19655655324459076, 0.18054310977458954, 0.16763615608215332, 0.17877741158008575, 0.15398553013801575, 0.1372840404510498, 0.14448411762714386, 0.10478904098272324, 0.09651301056146622, 0.062399089336395264, 0.0683000460267067, 0.0730230063199997, 0.11700226366519928, 0.07837187498807907, 0.0653328076004982, 0.056098420172929764, 0.05182873457670212, 0.05033857375383377, 0.055531296879053116, 0.06243520975112915, 0.05911228433251381, 0.05015195161104202, 0.05668402463197708, 0.05684001371264458, 0.051955681294202805, 0.053041499108076096, 0.05134893208742142, 0.05913349986076355, 0.05098078027367592, 0.04602082818746567, 0.053921397775411606, 0.060192544013261795, 0.04272186756134033, 0.041119735687971115, 0.04449636861681938, 0.03841463848948479, 0.041976187378168106, 0.044385623186826706, 0.03499191626906395, 0.03874250501394272, 0.044874630868434906, 0.04880916699767113, 0.04287482053041458, 0.036374904215335846, 0.04122785106301308, 0.03850534185767174, 0.04913203790783882, 0.037998612970113754, 0.04031398892402649, 0.038573622703552246, 0.03825968876481056, 0.03375968337059021, 0.03309338167309761, 0.034641969949007034, 0.033173684030771255, 0.03192025050520897, 0.031998779624700546, 0.03280993923544884, 0.03554655611515045, 0.03578538820147514, 0.03441111743450165, 0.02973717823624611, 0.02794564701616764, 0.026808088645339012, 0.02689782902598381, 0.026959124952554703, 0.026680603623390198, 0.026795171201229095, 0.0274856798350811, 0.027055876329541206, 0.02768360637128353, 0.028476115316152573, 0.02998392842710018, 0.02961343340575695, 0.028621992096304893, 0.03017255663871765, 0.0336676687002182, 0.02754645235836506, 0.025493770837783813, 0.02504439279437065, 0.024958740919828415, 0.025183992460370064, 0.025258759036660194, 0.025145143270492554, 0.02518385462462902, 0.025788770988583565, 0.025462327525019646, 0.025727536529302597, 0.025728456676006317, 0.025713255628943443, 0.02618020586669445, 0.02601897530257702, 0.025925513356924057, 0.025835160166025162, 0.026478370651602745, 0.027483096346259117, 0.025928454473614693, 0.0256976168602705, 0.02679234743118286, 0.026417264714837074, 0.027457159012556076, 0.025460949167609215, 0.024797553196549416, 0.02463281713426113, 0.02470807358622551, 0.02596401236951351, 0.025415688753128052, 0.025051012635231018, 0.02455258183181286, 0.024520963430404663, 0.02444973587989807, 0.024420849978923798, 0.02398373745381832, 0.024118980392813683, 0.024007052183151245, 0.023938767611980438, 0.024007076397538185, 0.024044303223490715, 0.024079952389001846, 0.02411644347012043, 0.024142425507307053, 0.02419521100819111, 0.024224577471613884, 0.024242810904979706, 0.024264207109808922, 0.024297980591654778, 0.02435895800590515, 0.024372350424528122, 0.0243567805737257, 0.02432672306895256, 0.024346819147467613, 0.024351816624403, 0.0243302583694458, 0.02430848218500614, 0.024249425157904625, 0.02387595735490322, 0.023444989696145058, 0.023496542125940323, 0.023439960554242134, 0.02346045896410942, 0.023530809208750725, 0.023475319147109985, 0.02346920408308506, 0.023561066016554832, 0.02350613847374916, 0.023517325520515442, 0.023494604974985123, 0.023528292775154114, 0.02353973127901554, 0.023529034107923508, 0.0234585702419281, 0.023531369864940643, 0.023576073348522186, 0.02357581816613674, 0.02358255907893181, 0.023515712469816208, 0.023555777966976166, 0.0235882755368948, 0.023532388731837273, 0.023545991629362106, 0.02356784977018833, 0.023561052978038788, 0.023580307140946388, 0.023613616824150085, 0.023630868643522263, 0.02365809492766857, 0.023671695962548256, 0.02367638610303402, 0.02368941158056259, 0.02374587021768093, 0.023782186210155487, 0.023842915892601013, 0.023939870297908783, 0.02408996783196926, 0.024188628420233727, 0.024176547303795815, 0.02378215454518795, 0.0234080720692873, 0.023244725540280342, 0.023418765515089035, 0.023446792736649513, 0.023427817970514297, 0.023413097485899925, 0.023406023159623146, 0.02341356873512268, 0.023422112688422203, 0.023426154628396034, 0.023303208872675896, 0.023380110040307045, 0.023404395207762718, 0.02340756542980671, 0.023421401157975197, 0.023419110104441643, 0.02342193014919758, 0.023421041667461395, 0.02342071197926998, 0.023419640958309174, 0.02341923676431179, 0.02330588735640049, 0.02329963445663452, 0.023269807919859886, 0.023278627544641495, 0.02327798493206501, 0.02327922359108925, 0.023280786350369453, 0.0232856422662735, 0.023286571726202965, 0.023286715149879456, 0.02328731119632721, 0.023250095546245575, 0.023220723494887352, 0.02322944812476635],