{"current_epoch": 120, "training_losses": [0.5405105948448181, 0.22431156039237976, 0.2115238904953003, 0.2053775191307068, 0.2134212702512741, 0.20044511556625366, 0.19938413798809052, 0.20439304411411285, 0.19701045751571655, 0.22274163365364075, 0.23800873756408691, 0.22096556425094604, 0.21471326053142548, 0.21010518074035645, 0.1996089667081833, 0.21753382682800293, 0.20608456432819366, 0.1925475150346756, 0.20532535016536713, 0.21574291586875916, 0.21278055012226105, 0.21017825603485107, 0.20705676078796387, 0.20283563435077667, 0.1927684098482132, 0.18585073947906494, 0.18048906326293945, 0.17457175254821777, 0.1790207475423813, 0.17719802260398865, 0.18405312299728394, 0.21560470759868622, 0.18947523832321167, 0.1883862465620041, 0.21129676699638367, 0.2030017226934433, 0.19912031292915344, 0.1925235092639923, 0.18024110794067383, 0.1718486100435257, 0.16448360681533813, 0.15610775351524353, 0.14471223950386047, 0.1298675835132599, 0.11793829500675201, 0.1094365045428276, 0.10937585681676865, 0.10342361032962799, 0.10201841592788696, 0.10300763696432114, 0.09905602782964706, 0.09477981179952621, 0.09320933371782303, 0.09235145151615143, 0.09365115314722061, 0.09092289209365845, 0.0810907781124115, 0.0803879126906395, 0.08127779513597488, 0.07715723663568497, 0.07586222887039185, 0.0748085081577301, 0.10360182821750641, 0.0901372879743576, 0.07759609818458557, 0.06179820001125336, 0.057045552879571915, 0.05745157599449158, 0.05897299572825432, 0.0583784282207489, 0.054436735808849335, 0.053853973746299744, 0.051038119941949844, 0.04729948937892914, 0.04830946773290634, 0.046348195523023605, 0.045601971447467804, 0.04459374397993088, 0.06657999008893967, 0.056692689657211304, 0.042597100138664246, 0.04030773416161537, 0.039784908294677734, 0.03920411691069603, 0.03828506916761398, 0.04130065068602562, 0.04141022637486458, 0.04110710322856903, 0.03922923281788826, 0.03834621235728264, 0.037779178470373154, 0.03676901012659073, 0.036445364356040955, 0.036470696330070496, 0.054332904517650604, 0.0473766028881073, 0.047016751021146774, 0.047974955290555954, 0.04528222978115082, 0.04227758198976517, 0.040503568947315216, 0.03933192044496536, 0.03914143145084381, 0.039100028574466705, 0.03875965625047684, 0.03876097872853279, 0.03827773407101631, 0.038441531360149384, 0.03851347416639328, 0.03854150325059891, 0.03846466541290283, 0.03837711364030838, 0.037826813757419586, 0.037435561418533325, 0.037400275468826294, 0.03735098987817764, 0.03722723573446274, 0.03720849007368088, 0.03707115352153778, 0.037138596177101135], "validation_losses": [0.2766353487968445, 0.25049906969070435, 0.2326277792453766, 0.2569221258163452, 0.23938293755054474, 0.23852723836898804, 0.21413491666316986, 0.23537230491638184, 0.24157366156578064, 0.2291455715894699, 0.2646857798099518, 0.25225383043289185, 0.24434150755405426, 0.2346595972776413, 0.22585271298885345, 0.25409364700317383, 0.2425680160522461, 0.2048191875219345, 0.25282296538352966, 0.24680402874946594, 0.2426622062921524, 0.23794585466384888, 0.2376091182231903, 0.22796691954135895, 0.20389516651630402, 0.1932441145181656, 0.200166717171669, 0.18723201751708984, 0.20565587282180786, 0.18192699551582336, 0.20165333151817322, 0.22824157774448395, 0.20517565310001373, 0.2482665777206421, 0.23685488104820251, 0.2251354455947876, 0.21934570372104645, 0.1982443779706955, 0.1861613690853119, 0.18185673654079437, 0.16767004132270813, 0.1595408022403717, 0.14487318694591522, 0.1302933245897293, 0.11957091093063354, 0.11531493067741394, 0.11870682239532471, 0.1095939576625824, 0.10477952659130096, 0.10944607108831406, 0.10630767792463303, 0.09979495406150818, 0.0976690798997879, 0.09658459573984146, 0.1150660514831543, 0.09406062960624695, 0.08710549771785736, 0.08941414952278137, 0.08846460282802582, 0.08599060028791428, 0.08463888615369797, 0.08230005204677582, 0.11602649837732315, 0.09210368245840073, 0.08214087039232254, 0.0706825703382492, 0.07167156785726547, 0.06820819526910782, 0.07988710701465607, 0.06878948211669922, 0.06358592212200165, 0.05813887342810631, 0.056092169135808945, 0.05765070766210556, 0.052929602563381195, 0.05110372602939606, 0.048898547887802124, 0.049791764467954636, 0.10767459124326706, 0.05177486315369606, 0.04684852436184883, 0.046494171023368835, 0.046844687312841415, 0.0437147356569767, 0.04710793122649193, 0.047380074858665466, 0.04985886439681053, 0.04735465347766876, 0.046120304614305496, 0.04325791448354721, 0.04305586963891983, 0.041607245802879333, 0.040128376334905624, 0.03989466279745102, 0.050761282444000244, 0.051063865423202515, 0.047065410763025284, 0.05055180937051773, 0.048454154282808304, 0.045902103185653687, 0.045322485268116, 0.04446283355355263, 0.04425978660583496, 0.04379415884613991, 0.04390536621212959, 0.043694961816072464, 0.043532319366931915, 0.04352227970957756, 0.04347606375813484, 0.04339827969670296, 0.043268997222185135, 0.04315905272960663, 0.04311462491750717, 0.042875874787569046, 0.042845845222473145, 0.042731184512376785, 0.042632415890693665, 0.042608946561813354, 0.04252726957201958, 0.042512692511081696], "train_av_time": 4.423931956291199, "val_av_time": 4.049803853034973, "total_time": 0.2250879821512434, "best_val_loss": 0.03989466279745102, "test_loss": 0, "test_loss_final": 0.0425114668905735, "test_lossESR_final": 0.05313923582434654, "test_loss_best": 0.039895929396152496, "test_lossESR_best": 0.04984927922487259}