{"current_epoch": 330, "training_losses": [1.1953115463256836, 0.22411149740219116, 0.21657490730285645, 0.2127368152141571, 0.2070019543170929, 0.21614064276218414, 0.2050440013408661, 0.21902158856391907, 0.1932227909564972, 0.21562640368938446, 0.21012519299983978, 0.20199604332447052, 0.19230063259601593, 0.20197151601314545, 0.1851465255022049, 0.20131367444992065, 0.18841226398944855, 0.1651463657617569, 0.12868483364582062, 0.13753655552864075, 0.13126695156097412, 0.1253112405538559, 0.12724657356739044, 0.12601515650749207, 0.10964570939540863, 0.13554838299751282, 0.1286240518093109, 0.1277395635843277, 0.1161670833826065, 0.13000859320163727, 0.11449958384037018, 0.12960004806518555, 0.12010669708251953, 0.11325985938310623, 0.10232867300510406, 0.12091697752475739, 0.10916026681661606, 0.08583198487758636, 0.0631231740117073, 0.05412328243255615, 0.04938278719782829, 0.050135061144828796, 0.04697856679558754, 0.04487062618136406, 0.0483463816344738, 0.04363033547997475, 0.04656417295336723, 0.04225087910890579, 0.04350484162569046, 0.04091235622763634, 0.041410595178604126, 0.041627466678619385, 0.04190170764923096, 0.038937583565711975, 0.040475402027368546, 0.041223034262657166, 0.03523966670036316, 0.03243787959218025, 0.03398237004876137, 0.03442748263478279, 0.03502349182963371, 0.0344448946416378, 0.03417013958096504, 0.03484228998422623, 0.03252075985074043, 0.031146034598350525, 0.03003579191863537, 0.02974555268883705, 0.029438316822052002, 0.029282819479703903, 0.02903023734688759, 0.028884049504995346, 0.028716597706079483, 0.028573432937264442, 0.02846762165427208, 0.028341010212898254, 0.02822030521929264, 0.02809830568730831, 0.027988115325570107, 0.02784244902431965, 0.027784595265984535, 0.027615055441856384, 0.027446996420621872, 0.02729273959994316, 0.02720249630510807, 0.02695019729435444, 0.026727257296442986, 0.026523157954216003, 0.026516608893871307, 0.026247313246130943, 0.026106780394911766, 0.025924399495124817, 0.02598501928150654, 0.026025429368019104, 0.02605871483683586, 0.026117268949747086, 0.026197414845228195, 0.026263223960995674, 0.02628074772655964, 0.026400413364171982, 0.026303842663764954, 0.026423361152410507, 0.02648753486573696, 0.0263837743550539, 0.026180442422628403, 0.026550229638814926, 0.026137011125683784, 0.026196610182523727, 0.026194047182798386, 0.02587086893618107, 0.02570897899568081, 0.025692038238048553, 0.025705426931381226, 0.02566290833055973, 0.02558576874434948, 0.025425797328352928, 0.025532737374305725, 0.02558271773159504, 0.02556859701871872, 0.025446467101573944, 0.02531796135008335, 0.025378655642271042, 0.025342749431729317, 0.024085400626063347, 0.02332824468612671, 0.02308478206396103, 0.02311566285789013, 0.02310219779610634, 0.02308647893369198, 0.023069849237799644, 0.023084020242094994, 0.023051409050822258, 0.023061536252498627, 0.023068729788064957, 0.023047076538205147, 0.023047851398587227, 0.023045871406793594, 0.02303161472082138, 0.023017415776848793, 0.023023484274744987, 0.02302451618015766, 0.02301105670630932, 0.022976402193307877, 0.022978411987423897, 0.02297033928334713, 0.02294241078197956, 0.02295222319662571, 0.022943679243326187, 0.022912761196494102, 0.022928213700652122, 0.022294647991657257, 0.021985772997140884, 0.022057566791772842, 0.02202696166932583, 0.02202276699244976, 0.022005286067724228, 0.021994147449731827, 0.021756401285529137, 0.021698636934161186, 0.021642664447426796, 0.02163582853972912, 0.02163681387901306, 0.021633049473166466, 0.021528666839003563, 0.021502496674656868, 0.02147010527551174, 0.021462097764015198, 0.02146088518202305, 0.021459266543388367, 0.02145727351307869, 0.02141575887799263, 0.02142639271914959, 0.021425770595669746, 0.02138451673090458, 0.021383918821811676, 0.021382620558142662, 0.021381497383117676, 0.021380377933382988, 0.02137918770313263, 0.021377991884946823, 0.02137676440179348, 0.021375510841608047, 0.021374231204390526, 0.021372921764850616, 0.021371589973568916, 0.021370230242609978, 0.0213688425719738, 0.021367430686950684, 0.02136598899960518, 0.021364524960517883, 0.0213630311191082, 0.021361520513892174, 0.021359985694289207, 0.021358424797654152, 0.021356837823987007, 0.021355222910642624, 0.0213535875082016, 0.021351922303438187, 0.021350234746932983, 0.021348515525460243, 0.021346772089600563, 0.021344995126128197, 0.02134319581091404, 0.02134137973189354, 0.0213395357131958, 0.021337682381272316, 0.02133580483496189, 0.021333923563361168, 0.021332036703824997, 0.02133014425635338, 0.021328255534172058, 0.021326374262571335, 0.02132449671626091, 0.02132263220846653, 0.021320777013897896, 0.021318931132555008, 0.02131708897650242, 0.021315250545740128, 0.021313412114977837, 0.02131156623363495, 0.021309707313776016, 0.02130783535540104, 0.02130594290792942, 0.02130403369665146, 0.02130209468305111, 0.021300122141838074, 0.0212981179356575, 0.021296074613928795, 0.021293988451361656, 0.021291857585310936, 0.021289685741066933, 0.02128746174275875, 0.02128519117832184, 0.021282881498336792, 0.021280530840158463, 0.021278146654367447, 0.021275725215673447, 0.021273275837302208, 0.02127079665660858, 0.02126830257475376, 0.021265782415866852, 0.02126324735581875, 0.0212606992572546, 0.021258139982819557, 0.021255578845739365, 0.021253010258078575, 0.021250441670417786, 0.0212478619068861, 0.021245282143354416, 0.021242696791887283, 0.021240105852484703, 0.02123749628663063, 0.021234869956970215, 0.021232208237051964, 0.02122950740158558, 0.021226752549409866, 0.021223923191428185, 0.021220998838543892, 0.02121795155107975, 0.02121475338935852, 0.02121136710047722, 0.021207833662629128, 0.021204262971878052, 0.021200863644480705, 0.021197771653532982, 0.021194877102971077, 0.021192088723182678, 0.021189313381910324, 0.021186525002121925, 0.021183693781495094, 0.02118079364299774, 0.021177830174565315, 0.021174782887101173, 0.021171659231185913, 0.021168451756238937, 0.021165190264582634, 0.021161871030926704, 0.021158527582883835, 0.02115514501929283, 0.021151743829250336, 0.021148324012756348, 0.021144870668649673, 0.021100256592035294, 0.021070102229714394, 0.021064678207039833, 0.021065428853034973, 0.021062340587377548, 0.021060993894934654, 0.02105976641178131, 0.021057317033410072, 0.02105632796883583, 0.02105535753071308, 0.021054144948720932, 0.02103223092854023, 0.02102535404264927, 0.021022796630859375, 0.02102161943912506, 0.021021084859967232, 0.021020233631134033, 0.021008139476180077, 0.021006938070058823, 0.021005677059292793, 0.021005049347877502, 0.021004516631364822, 0.021004067733883858, 0.020997604355216026, 0.020997347310185432, 0.020996883511543274, 0.020996564999222755, 0.020996306091547012, 0.020996063947677612, 0.020992638543248177, 0.020992541685700417, 0.020992368459701538, 0.02099221758544445, 0.020992085337638855, 0.020991960540413857, 0.02099018357694149, 0.02099013514816761, 0.02099006436765194, 0.020989997312426567, 0.020989930257201195, 0.020989863201975822, 0.0209889467805624, 0.02098892256617546, 0.020988889038562775, 0.020988859236240387, 0.02098882757127285, 0.020988797768950462, 0.020988328382372856],