{"current_epoch": 73, "training_losses": [2.199769973754883, 0.15432949364185333, 0.09399507194757462, 0.08062028139829636, 0.07373368740081787, 0.0525209866464138, 0.03890557587146759, 0.04371845722198486, 0.051502034068107605, 0.0384921096265316, 0.030731985345482826, 0.02736123651266098, 0.03180691599845886, 0.02645072154700756, 0.030425289645791054, 0.02737138234078884, 0.029494211077690125, 0.02891983836889267, 0.023473292589187622, 0.023445522412657738, 0.02559141255915165, 0.024918721988797188, 0.02684684656560421, 0.022900830954313278, 0.02139102667570114, 0.019678551703691483, 0.01897650957107544, 0.018704291433095932, 0.018188953399658203, 0.017938124015927315, 0.01765912026166916, 0.017256908118724823, 0.021500619128346443, 0.020489582791924477, 0.019472049549221992, 0.01835317350924015, 0.01743530109524727, 0.01768440753221512, 0.017023473978042603, 0.016707520931959152, 0.016151683405041695, 0.01602289453148842, 0.015930240973830223, 0.015825290232896805, 0.015549580566585064, 0.015550943091511726, 0.015090366825461388, 0.01520705409348011, 0.014999891631305218, 0.015011629089713097, 0.014858704060316086, 0.014966841787099838, 0.015020070597529411, 0.015012478455901146, 0.014989962801337242, 0.014956017024815083, 0.014940841123461723, 0.014999514445662498, 0.015044685453176498, 0.014996158890426159, 0.014964456669986248, 0.01494586281478405, 0.014786685816943645, 0.014758016914129257, 0.014810281805694103, 0.014809389598667622, 0.014796771109104156, 0.014791651628911495, 0.014778753742575645, 0.01470816321671009, 0.014653949998319149, 0.01465225126594305, 0.014655216597020626], "validation_losses": [0.24764621257781982, 0.11904513090848923, 0.10112310200929642, 0.09238625317811966, 0.07755855470895767, 0.05434374883770943, 0.038776881992816925, 0.07933340966701508, 0.046469222754240036, 0.039037663489580154, 0.029132159426808357, 0.029469827190041542, 0.029891101643443108, 0.025569558143615723, 0.029982490465044975, 0.023732539266347885, 0.028009483590722084, 0.025699403136968613, 0.02198709361255169, 0.026282573118805885, 0.02418048121035099, 0.0252727922052145, 0.025640791282057762, 0.02361476421356201, 0.02409372851252556, 0.023716872557997704, 0.02265455387532711, 0.021363424137234688, 0.02079307660460472, 0.02020089514553547, 0.018475549295544624, 0.0163019560277462, 0.02252543531358242, 0.02342790551483631, 0.024436725303530693, 0.01908339560031891, 0.016812045127153397, 0.020968632772564888, 0.016706841066479683, 0.018932411447167397, 0.02005993202328682, 0.02200152352452278, 0.024775877594947815, 0.025508109480142593, 0.017220890149474144, 0.02153008058667183, 0.016716742888092995, 0.019437750801444054, 0.018070464953780174, 0.01926496811211109, 0.01766660436987877, 0.01715705543756485, 0.01717785745859146, 0.017173826694488525, 0.01732412539422512, 0.01739523932337761, 0.01753554679453373, 0.019364604726433754, 0.020465698093175888, 0.020829737186431885, 0.02086471952497959, 0.02079535461962223, 0.024219797924160957, 0.020253291353583336, 0.02113437093794346, 0.021485883742570877, 0.02112070843577385, 0.0212598517537117, 0.02235727198421955, 0.02282405085861683, 0.022603167220950127, 0.022543640807271004, 0.022566668689250946], "train_av_time": 4.951643109321594, "val_av_time": 4.098590612411499, "total_time": 0.1288498184416029, "best_val_loss": 0.0163019560277462, "test_loss": 0, "test_loss_final": 0.022566767409443855, "test_lossESR_final": 0.028178542852401733, "test_loss_best": 0.016301289200782776, "test_lossESR_best": 0.02034182846546173}